volunteer_id,college,major,major_group,rank,alignment_score,province,rationale,final_reason,strength_evidence_summary,score_total,tier,tag_labels
4602-037,海南大学(“双一流”建设高校),计算机科学与技术,cs,29025,84,海南,"Full CS plan has calculus/linear algebra/probability/discrete math plus networks, organization, OS, architecture, databases, compiler and algorithms; software/practice load exists but foundations are strong.",Rank is inside 29k-50k after the alignment gate; the strict 50k+ safety audit does not apply.,"Official plan has full CS core including discrete math, data structures, databases, networks, organization, architecture, OS, algorithms and compiler. College page confirms national first-class CS major, CS/software master platforms and ESI/soft-ranking signals; doctoral evidence is professional-degree enrollment, not a CS academic doctoral point.",,,Hainan_double_first_class_regional_flagship;electronic_information_professional_doctoral_training;engineering_accreditation_style_training;innovation_practice_and_course_designs;master_degree_platform;professional_doctoral_enrollment_in_cs_college;soft_science_world_discipline_listed;CS 系统/理论路径;OS/体系结构/算法;需自学 AI;211工程;ESI 计科前1%;博士点/博士平台;双一流;国家一流专业;计科硕士平台;软件工程硕士平台;软件就业训练负担
5032-004,重庆邮电大学,计算机类(智能技术类),cs,29529,72,重庆,"The computer-and-intelligent-science category plausibly contains CS/intelligent-science foundations, but large-category split and engineering/application burden require review.",Rank is inside 29k-50k after the alignment gate; the strict 50k+ safety audit does not apply.,"Official PDF confirms the computer-and-intelligent-science category and CS/intelligent-science training plans, while CDGDC confirms CS B+ in the fourth-round discipline evaluation. Doctoral/platform details are supported by a UCAS Chongqing joint-class news item and a credible招生 summary, so keep as medium rather than fully official.",,,Chongqing_information_industry_strong_school;UCAS_Chongqing_joint_elite_class_signal;computer_science_degree_platform;computer_science_doctoral_authorization_reported;cs_intelligent_science_category;doctoral_and_master_training_platform;industry_joint_labs_reported;industry_recognized_computing_school;national_or_ministry_platforms_reported;some_platform_evidence_not_from_primary_school_page;AI 理论路径;CS 系统/理论路径;ML/DL 基础;OS/体系结构/算法;学科评估 B+;大类/方向风险;应用/就业导向重
3125-021,上海海事大学,计算机科学与技术,cs,29610,80,上海,"The official plan shows a solid CS foundation in data structures, networks, databases, digital logic, OS, architecture and algorithms, with AI/ML electives and only moderate software-practice load.",Rank is inside 29k-50k after the alignment gate; the strict 50k+ safety audit does not apply.,"Official pages confirm Shanghai municipal first-class CS major, engineering education accreditation, CS first-level master point and ESI top 1% signal. Local plan shows digital logic, OS, architecture, networks, databases, algorithms and AI/ML electives.",,,Shanghai_maritime_transport_information_niche;computer_science_first_level_master;course_design_training;engineering_education_accreditation;enterprise_practice_courses;industry_application_orientation;maritime_information_application_niche;municipal_first_class_major;CS 系统/理论路径;ML/DL 基础;OS/体系结构/算法;低偏离负担;ESI 计科前1%;计科硕士平台;软件工程硕士平台;软件就业训练负担
5103-014,成都理工大学(“双一流”建设高校),计算机科学与技术,cs,29925,79,四川,官方2025方案列出离散数学、数据结构算法、组成结构、OS、网络、数据库、数值计算和大模型实践，CS主干扎实但应用型培养明显。,Rank is inside 29k-50k after the alignment gate; the strict 50k+ safety audit does not apply.,"Official 2025 plan and招生 page confirm a CS first-level master point, provincial first-class CS major and strong CS core: discrete math, data structures/algorithms, OS, networks, databases, system structure, numerical methods and large-model practice. No CS doctoral point found.",,,Sichuan_double_first_class_university_with_IT_feature;complete_undergraduate_to_master_training_platform;computer_science_first_level_master;double_first_class_strength_is_school_level_not_cs;electronic_information_professional_master;engineering_practice_training;large_model_practice;school_double_first_class_geology_not_cs;CS 系统/理论路径;ML/DL 基础;OS/体系结构/算法;升学信号;双一流;省一流专业;应用/就业导向重;软件就业训练负担
5314-028,云南大学(“双一流”建设高校),统计学,math_stat_info,30047,88,云南,"Official statistics plan has a clean math/statistics core, strong probability-statistics platform, and little forced off-scope load.",Rank is inside 29k-50k after the alignment gate; the strict 50k+ safety audit does not apply.,"Official plan confirms complete statistics bachelor-master-doctor-postdoc pipeline and clean probability/statistics curriculum; department page confirms national first-class statistics major, double-first-class key construction discipline and strong faculty/platforms.",,,Yunnan_statistics_flagship_platform;double_first_class_key_construction_discipline;double_first_class_relevant_discipline;full_bachelor_master_doctor_postdoc_statistics_pipeline;provincial_first_class_discipline;provincial_key_labs_and_innovation_team;statistics_first_level_doctoral;statistics_postdoctoral_station;strong_statistics_core;低偏离负担;数学主线干净;数学核心强;需自学 CS;需自学系统;211工程;升学信号;博士点/博士平台;双一流;国家一流专业;科研训练
2127-007,辽宁大学(“双一流”建设高校),数学与应用数学,math_stat_info,30546,70,辽宁,官方介绍称数学、计算机与经济结合并面向经济分析/决策，数学基础可用但经济管理应用负载风险明显且证据较弱。,Rank is inside 29k-50k after the alignment gate; the strict 50k+ safety audit does not apply.,"Official pages show the major relies on math, statistics and computing, with a math first-level master point and nearby statistics doctoral/postdoc platform. Evidence for a clean math-first undergraduate route is weaker because the intro emphasizes economic analysis, economic decision-making and data/economic applications.",,,Liaoning_double_first_class_school_level_signal;data_analysis_economic_application_orientation;limited_official_undergraduate_intro_only;math_first_level_master;math_master_platform;math_primary_path;no_math_doctoral_platform_found;statistics_doctoral_platform_nearby;statistics_doctoral_platform_not_math;statistics_provincial_key_discipline_not_direct_math;仅专业简介;数学主线干净;需自学 AI;需自学系统;211工程;双一流;金融/商业负担
0003-032,浙江工业大学(入选“2011计划”高校)(省重点建设高校),数学类,math_stat_info,30608,90,浙江,"Official math-college plan text shows a strong math core plus Python, numerical analysis, optimization, machine learning and data-structure/database electives, making the math category a strong keep despite split risk.",Rank is inside 29k-50k after the alignment gate; the strict 50k+ safety audit does not apply.,"Official 2024 math-college plan has strong math core plus Python, numerical analysis, optimization, machine learning and data-structure/database electives. College pages show active graduate/doctoral enrollment listings, strong modeling/research outcomes and high progression; exact math doctoral authorization wording should be retained as platform signal rather than overclaimed.",,,Hangzhou_industrial_applied_math_context;Zhejiang_provincial_key_university;data_science_institute_context;doctoral_enrollment_listings;graduate_progression_signal;math_college_master_doctor_students;math_modeling_research_training;math_related_doctoral_enrollment_signal;regional_priority_university;student_research_and_modeling_awards_signal;ML/DL 基础;低偏离负担;数值计算/科学计算;数学+计算;数学核心强;省重点/省部共建;大类/方向风险
4602-020,海南大学(“双一流”建设高校),数学与应用数学,math_stat_info,30962,91,海南,"Full math training plan shows a clean math path augmented by stochastic process, data analysis, statistical learning and algorithm analysis/design, with little off-scope compulsory load.",Rank is inside 29k-50k after the alignment gate; the strict 50k+ safety audit does not apply.,"Official plan shows a clean math path with data analysis, statistical learning and algorithm analysis/design. College and招生 pages confirm national first-class math major, math first-level master and 2024 math first-level doctoral point, forming a complete pipeline.",,,Hainan_math_and_statistics_flagship_platform;basic_discipline_math_top_talent_base;full_bachelor_master_doctor_training_pipeline;mathematics_first_level_doctoral;mathematics_first_level_master;ML/DL 基础;低偏离负担;数值计算/科学计算;数学+计算;数学核心强;需自学系统;211工程;双一流;国家一流专业;国家一流本科专业;科研训练
3145-022,上海师范大学,数学与应用数学,math_stat_info,31234,84,上海,本地方案可见数学分析、高等代数、解析几何等核心数学训练，备注含数学金融AI实验班带来一定金融方向风险但主路径仍是数学。,Rank is inside 29k-50k after the alignment gate; the strict 50k+ safety audit does not apply.,"Official college pages confirm mathematics first-level doctoral point, math postdoctoral station and national first-class mathematics/applied mathematics major. Local plan evidence is mostly math-category/common curriculum and needs manual check for the exact Zhejiang admission route and whether any finance/AI experimental-class branch affects the student path.",,,Shanghai_math_teacher_and_applied_math_platform;computation_data_science_adjacent_path;evidence_weak_for_exact_major_plan;math_doctoral_and_postdoc_platform;math_primary_path;mathematics_first_level_doctoral;mathematics_postdoctoral_station;possible_finance_business_or_experimental_class_path;research_training_available_at_college_level;证据弱;数学主线干净;数学核心强;需自学 AI;需自学 CS;国家一流专业;国家一流本科专业;金融/商业负担
0003-025,浙江工业大学(入选“2011计划”高校)(省重点建设高校),人工智能,ai_intelligent_science,31279.30769230769,78,浙江,"The local official CS-college plan text shows reusable CS foundations such as discrete math, data structures, OS, networks, databases and AI/ML-related coursework, though the extracted text is college-wide and direction details are imperfect.",Rank is inside 29k-50k after the alignment gate; the strict 50k+ safety audit does not apply.,官方培养方案页可核到计算机学院培养方案和离散数学、数据结构、操作系统、网络、数据库、人工智能导论等CS基础课程；学校层面有2011计划和省重点建设标签；但本次未核到人工智能专业独立的一流专业或学位平台硬标签,,,2011_plan_university;ai_related_coursework;cs_foundation_courses;cs_foundation_training_plan;exact_ai_major_strength_unclear;postgraduate_signal_scope_unclear;self_study_freedom_unclear;zhejiang_key_university;AI 理论路径;CS 系统/理论路径;ML/DL 基础;OS/体系结构/算法;升学信号;省重点/省部共建
0005-050,宁波大学(“双一流”建设高校)(省重点建设高校),计算机科学与技术,cs,31664,82,浙江,"CS intro includes discrete math, data structures, algorithms, computer organization/architecture, OS, networks, databases, AI and ML, with software-engineering load present but not dominant.",Rank is inside 29k-50k after the alignment gate; the strict 50k+ safety audit does not apply.,官方招生专业页直接列明国家一流专业、国家级特色专业、工程教育认证、华为智能基座、计算机一级硕士点和移动计算与人机交互二级博士点；近三年升学率约31%,,,cs_first_level_master;engineering_education_accreditation;huawei_intelligent_base;mobile_computing_hci_doctoral_secondary;national_feature_major;provincial_first_class_discipline_A;small_class_tutor_system;student_competition_signal;three_year_progression_about_31pct;zhejiang_key_university;仅专业简介;CS 系统/理论路径;ML/DL 基础;OS/体系结构/算法;博士点/博士平台;双一流;国家一流专业;省重点/省部共建;软件就业训练负担
3220-034,江苏大学,数据计算及应用,math_stat_info,31769,86,江苏,"Official intro lists math analysis, algebra, probability, numerical analysis, data structures, ML and statistics under a math doctoral discipline, making it a clean math-computation path.",Rank is inside 29k-50k after the alignment gate; the strict 50k+ safety audit does not apply.,专业介绍称该专业为数学一级学科博士点覆盖专业；学院简介列明数学一级博士点、统计学一级硕士点、数学博士后流动站、江苏省A类重点学科、数学ESI全球前1%,,,graduate_training_platform_in_math_college;jiangsu_A_key_discipline;math_discipline_doctoral_covered_major;math_esi_top_1pct;math_first_level_doctoral;math_modeling_and_computing_signal;math_postdoctoral_station;provincial_A_key_discipline;research_institutes;softscience_math_rank_77_2024;statistics_first_level_master;仅专业简介;低偏离负担;数值计算/科学计算;数学+计算;数学核心强;需自学系统;博士点/博士平台
3607-025,江西财经大学,应用统计学,math_stat_info,31949,74,江西,Teaching-plan page supports a statistics/math route with relatively low off-scope burden,Rank is inside 29k-50k after the alignment gate; the strict 50k+ safety audit does not apply.,官方2024级教学计划显示数学分析、高等代数、概率论、数理统计、时间序列、统计机器学习、概率图模型、强化学习、神经网络与深度学习和本科生科研训练；本次未核到对应学科博士点或一流专业硬标签,,,deep_learning_related_electives;degree_platform_not_verified;economics_public_opinion_survey_load;finance_statistics_school_reputation;full_official_training_plan;statistics_machine_learning;stats_math_core;undergraduate_research_training;undergraduate_research_training_required;低偏离负担;数学主线干净;数学核心强;需自学 CS;需自学系统;升学信号
0006-031,杭州电子科技大学(省重点建设高校),计算机科学与技术(中外合作办学),cs,32904,72,浙江,"The joint CS intro supports a real computing path, but it is intro-level evidence and the cooperative-program cost/language structure keeps it in review.",Rank is inside 29k-50k after the alignment gate; the strict 50k+ safety audit does not apply.,杭电圣光机联合学院官方页称本专业依托杭电传统强势计算机专业和ITMO强势学科；列明国家特色、卓越工程师、华盛顿协议认证、计算机一级博士和硕士、浙江省一流学科A类及50%以上俄方教师英语授课,,,can_continue_master_doctor;cs_and_engineering_esi_signal;cs_first_level_doctoral;cs_first_level_master;excellent_engineer_pilot;foreign_curriculum_and_language_load;foreign_high_level_itmo_platform;foreign_teacher_english_courses;hdu_computing_reputation;industry_research_platforms;international_research_training;national_feature_major;software_employment_training_load;washington_accord_engineering_accreditation;仅专业简介;CS 系统/理论路径;OS/体系结构/算法;需自学 AI;省重点/省部共建;中外合作风险
3113-002,上海第二工业大学,计算机科学与技术(卓越工程师班),cs,33048,70,上海,Local DOCX exposes an intelligent-science plan with AI ML and core CS courses but is application-development oriented and appears mismatched to the CS卓越 row.,Rank is inside 29k-50k after the alignment gate; the strict 50k+ safety audit does not apply.,官方招生专业页匹配计算机科学与技术卓越工程师班并列明教育部卓越工程师、上海市一流本科、上海市应用型本科试点和上海市教育高地重点建设专业；核心课程含机器学习、大模型原理与工程实践、操作系统、网络、算法等；未见清晰研究生平台,,,ai_software_engineering_courses;excellent_engineer_major;machine_learning_and_llm_courses;no_clear_postgraduate_platform;previous_source_mismatch;shanghai_applied_undergraduate_pilot;shanghai_applied_undergraduate_reputation;shanghai_education_highland_key_major;shanghai_first_class_undergraduate_major;来源错配风险;AI 理论路径;ML/DL 基础;OS/体系结构/算法;应用/就业导向重;软件就业训练负担
4362-040,湘潭大学(“双一流”建设高校),计算机科学与技术,cs,33095,83,湖南,"Official CS plan gives a mature computer-science route with systems/network/database foundations, ML electives and strong research platform, with tolerable engineering load.",Rank is inside 29k-50k after the alignment gate; the strict 50k+ safety audit does not apply.,官方培养方案称1976年招收计算机方向本科生、1979年招收硕士；专业为国家特色专业、首批国家一流本科专业、通过工程教育认证，拥有博士、硕士、专业学位授权点和智能计算与信息处理教育部重点实验室,,,doctoral_authorization;education_ministry_key_lab;engineering_education_accreditation;frontier_lectures;innovation_training;key_laboratory;master_authorization;national_feature_major;professional_degree_authorization;software_development_direction_load;strong_cs_postgraduate_platform;CS 系统/理论路径;ML/DL 基础;OS/体系结构/算法;升学信号;博士点/博士平台;双一流;国家一流专业;科研训练;应用/就业导向重
0007-024,浙江工商大学(省重点建设高校),应用统计学,math_stat_info,34053,82,浙江,应用统计主要课程含数学分析、高代、概率数理统计、多元统计、时间序列、贝叶斯和机器学习，且有完整本硕博平台。,Rank is inside 29k-50k after the alignment gate; the strict 50k+ safety audit does not apply.,官方专业介绍列明国家级一流专业、全国排名前1%、本科硕士博士博士后完整培养体系、统计学省一流学科A类和近50%继续深造率；课程含数学分析、高代、概率统计、多元统计、时间序列、贝叶斯和机器学习,,,business_economics_context;complete_bachelor_master_doctor_postdoc_system;complete_bachelor_master_doctor_postdoc_training;data_engineering_training;machine_learning_course;professional_rank_top_1pct;progression_rate_near_50pct;provincial_first_class_discipline_A;zhejiang_statistics_business_data_reputation;ML/DL 基础;数学+计算;数学核心强;需自学系统;升学信号;博士点/博士平台;国家一流专业;省重点/省部共建
1142-006,北京语言大学,计算机类,cs,34134,70,北京,"The official page shows a real CS discipline with NLP/data-mining/software directions and postgraduate platforms, but category risk includes digital media and software engineering.",Rank is inside 29k-50k after the alignment gate; the strict 50k+ safety audit does not apply.,官方页列明计算机科学与技术一级硕士、软件工程专硕、自设语言智能与技术博士方向、第四轮学科评估C+、语言资源高精尖创新中心和本科继续深造超40%；但招生行是计算机类，存在软件工程和数字媒体等分流不确定性,,,cs_first_level_master;digital_media_possible;language_ai_niche_reputation;language_intelligence_doctoral_secondary;language_intelligence_specialty;language_resources_ai_center;language_resources_high_precision_center;master_training_platform;national_language_monitoring_center;niche_language_lock_in;nlp_data_mining_research;software_engineering_possible;software_engineering_professional_master;undergraduate_progression_over_40pct;仅专业简介;CS 系统/理论路径;升学信号;学科评估 C+;大类/方向风险;软件就业训练负担
0006-013,杭州电子科技大学(省重点建设高校),统计学,math_stat_info,34262,84,浙江,"Statistics has strong math/statistical modeling fit and some computing/data-science relevance, though the economics-college context and banking/insurance language add mild business-load risk.",Rank is inside 29k-50k after the alignment gate; the strict 50k+ safety audit does not apply.,官方经济学院专业介绍显示统计学培养扎实数学基础、计算机编程能力和统计建模能力，课程含数理统计、数据挖掘、大数据技术、随机过程、多元统计、统计机器学习、Python数据分析等；未核到统计学一流专业或研究生学位平台硬标签,,,degree_platform_not_verified;hdu_electronic_information_reputation;math_stats_computing_course_path;statistical_modeling_and_python_coursework;zhejiang_key_university;低偏离负担;数学主线干净;数学核心强;需自学系统;省重点/省部共建;金融/商业负担
4305-050,长沙理工大学,计算机科学与技术(智能班),cs,35306,70,湖南,"Local page proves the official plan area but not enough course text; the CS intelligent-class label is plausible, yet evidence and possible application orientation keep it review.",Rank is inside 29k-50k after the alignment gate; the strict 50k+ safety audit does not apply.,Official page proves the college training-plan index and CS plan titles but the available text does not prove degree platform evaluation research platform or intelligent-class substance.,,,cs_intelligent_class_unverified;not_found;official_training_plan_index;培养方案缺证;证据弱;CS 系统/理论路径;应用/就业导向重
4504-002,广西大学(“双一流”建设高校),数据计算及应用,math_stat_info,35866,91,广西,2025培养方案显示数学、计算科学、统计和数据科学融合，并有博士点/应用数学中心等科研平台，方向非常贴合数学优先路径。,Rank is inside 29k-50k after the alignment gate; the strict 50k+ safety audit does not apply.,Official 2025 plan states the math major has national first-class undergraduate construction and regional five-star status relies on college master and doctoral platforms and lists applied-math/research-center/key-lab resources plus graduate-course and tutor-course options.,,,graduate_course_module_available;guangxi_applied_math_center;guangxi_math_research_center;guangxi_university_key_lab;innovation_practice;not_found;regional_five_star_major;research_training_in_plan;tutor_course;低偏离负担;数值计算/科学计算;数学+计算;数学核心强;需自学系统;211工程;博士点/博士平台;双一流;国家一流本科专业;数学硕博平台;科研训练
3220-047,江苏大学,智能科学与技术,ai_intelligent_science,35892,70,江苏,"Official plan emphasizes intelligent algorithms and systems with research/development paths, but new-agriculture, engineering application and deployment language creates application-lock risk.",Rank is inside 29k-50k after the alignment gate; the strict 50k+ safety audit does not apply.,Official AI college page states the major focuses on intelligent core algorithms and systems with computer vision and speech features and research/development destinations but no degree-platform or evaluation label was verified in the gathered evidence.,,,ai_algorithm_systems_focus;cv_speech_training_focus;deployment_language;new_agriculture_orientation;not_found;research_and_development_path_stated;self_study_freedom_unclear;AI 理论路径;ML/DL 基础;升学信号;科研训练;应用/就业导向重;行业方向偏离
0005-035,宁波大学(“双一流”建设高校)(省重点建设高校),数学与应用数学,math_stat_info,35915,88,浙江,"Ningbo math intro shows analysis, algebra, ODE, algebra, complex variables, probability, modeling and numerical analysis with strong升学 signal and little compulsory off-scope load.",Rank is inside 29k-50k after the alignment gate; the strict 50k+ safety audit does not apply.,Official 2026 admissions intro states the major is a first-batch national first-class undergraduate major with theory math data science and economic statistics modules and recent average further-study rate above 50 percent. This is broad升学 not 保研 or professional 推免 transparency.,,,broad_postgraduate_progression_over_50pct;broad升学_not_保研;not_found;仅专业简介;低偏离负担;数学主线干净;数学核心强;需自学 AI;需自学 CS;需自学系统;升学信号;双一流;国家一流本科专业;省重点/省部共建;浙江区域认可
3238-021,南京财经大学,计算机科学与技术,cs,36062,76,江苏,"The official plan includes data structures/algorithms, computer organization, networks, OS, databases and compilers plus AI/data electives; software/web practice exists but is not the whole curriculum.",Rank is inside 29k-50k after the alignment gate; the strict 50k+ safety audit does not apply.,Official 2024 plan proves core CS curriculum including data structures algorithms computer organization networks operating systems databases compilers and AI-related practice but no hard platform label was verified from the gathered evidence.,,,ai_application_lab;business_finance_context;cs_core_curriculum_only;graduation_project;not_found;second_classroom_activity;CS 系统/理论路径;ML/DL 基础;OS/体系结构/算法;应用/就业导向重;软件就业训练负担
5129-024,四川农业大学(“双一流”建设高校),信息与计算科学,math_stat_info,36215,79,四川,Local intro shows a clean math/computation lab and courses like analysis,Rank is inside 29k-50k after the alignment gate; the strict 50k+ safety audit does not apply.,Official college page proves an information and computing science lab with math/software tools research fields in applied math probability statistics numerical computation operations control and math-modeling training with listed awards and projects. It does not prove a relevant math doctoral platform.,,,agriculture_double_first_class_regional_signal;agriculture_university_context;degree_platform_not_verified;math_computation_lab;math_modeling_competition_training;math_modeling_training_base;math_research_fields;not_found;nsfc_youth_project;仅专业简介;低偏离负担;数值计算/科学计算;数学+计算;数学主线干净;数学核心强;需自学 AI;需自学系统;211工程;双一流
1404-016,山西大学(“双一流”建设高校),计算机科学与技术,cs,36978,87,山西,"Official CS plan shows doctoral/postdoc platform, strong computing foundations and AI/data platforms with only moderate engineering-employment burden.",Rank is inside 29k-50k after the alignment gate; the strict 50k+ safety audit does not apply.,Official CS training plan states national first-class undergraduate major MOE特色专业 provincial key discipline CS first-level doctoral program postdoctoral station MOE key laboratory and multiple data intelligence AI research platforms.,,,advantage_climbing_key_discipline;ai_advanced_computing_practice;cs_first_level_doctoral_program;data_intelligence_ai_platforms;doctoral_and_postdoctoral_platform;moe_feature_major;moe_key_lab;not_found;postdoctoral_research_station;provincial_key_lab;provincial_top_discipline;shanxi_1331_key_discipline;CS 系统/理论路径;ML/DL 基础;OS/体系结构/算法;升学信号;博士点/博士平台;双一流;国家一流本科专业;科研训练
6143-001,西安邮电大学,计算机科学与技术,cs,37014,74,陕西,Official major intro indicates a conventional CS path and platform strength,Rank is inside 29k-50k after the alignment gate; the strict 50k+ safety audit does not apply.,Official admissions intro states the CS major is an MOE excellent-engineer pilot Shaanxi first-class brand and feature major and has passed engineering education accreditation. It lists further-study directions and named destination schools but no doctoral platform or 推免 transparency was verified.,,,broad_further_study_paths_stated;communication_hardware_embedded_orientation;engineering_education_accreditation;excellent_engineer_pilot;not_found;provincial_brand_feature_major;telecom_information_industry_regional_signal;仅专业简介;证据弱;CS 系统/理论路径;低偏离负担;需自学 AI;升学信号;省一流专业
2303-013,东北林业大学(“双一流”建设高校),信息与计算科学,math_stat_info,37751.0625,86,黑龙江,Rescued official admissions text describes a computation-math lineage with systematic math and numerical-method courses plus computer/algorithm/data-processing study and postgraduate routes.,Rank is inside 29k-50k after the alignment gate; the strict 50k+ safety audit does not apply.,Official college page states mathematics first-level master and applied statistics professional master plus math application innovation center and high postgraduate-exam rate; row-specific page is a cooperation-project plan meeting rather than a full curriculum.,,,applied_statistics_prof_master;math_application_and_innovation_center;math_application_innovation_center;math_contest_training;math_master_platform;mathematical_modeling_training;mathematics_first_level_master;nefu_science_college_math_teaching_base;possible_sino_foreign_cooperation_project;postgraduate_exam_rate_high_claim;培养方案缺证;来源错配风险;低偏离负担;数值计算/科学计算;数学+计算;需自学 AI;需自学系统;211工程;升学信号;双一流
3125-026,上海海事大学,数学类,math_stat_info,38402,88,上海,"Official plan has a deep math spine including analysis, algebra, ODE, probability/statistics, real/complex analysis, numerical analysis, optimization, modeling and algorithms/data structures.",Rank is inside 29k-50k after the alignment gate; the strict 50k+ safety audit does not apply.,Official plan shows deep math and computing courses; graduate page describes math master directions including scientific computing and smart algorithms but the degree platform appears as second-level master and the row is a category.,,,algebra_number_theory;analysis_equations;graph_optimization;large_category_split_risk;math_master_platform;mathematics_second_level_master_platform;official_full_training_plan;scientific_computing;scientific_computing_and_optimization_courses;shanghai_maritime_university_context;smart_algorithms_data_science;低偏离负担;数值计算/科学计算;数学+计算;数学主线干净;数学核心强;需自学 AI;需自学系统
6301-018,青海大学(“双一流”建设高校),计算机科学与技术(绿色算力创新班),cs,38834,74,青海,"CS evidence is usable for foundations, but the green-computing innovation label adds direction risk toward energy/infrastructure application rather than clean theory/systems.",Rank is inside 29k-50k after the alignment gate; the strict 50k+ safety audit does not apply.,Official CS plan is available and university news supports green-compute innovation class with Tsinghua support and provincial platforms; postgraduate-platform evidence is indirect from college teaching pages rather than a clear degree authorization page.,,,application_project_heavy;computer_related_master_training_visible_indirect;green_compute_energy_infrastructure_lockin;green_compute_engineering_center;green_compute_innovation_class;master_student_training_visible_indirect;mentor_pairing_project_driven;official_cs_training_plan;project_based_training;provincial_smart_computing_lab;provincial_smart_computing_platform;qinghai_green_compute_policy_platform;research_path_indirect;tsinghua_counterpart_support;CS 系统/理论路径;OS/体系结构/算法;211工程;升学信号;双一流;大类/方向风险
3220-035,江苏大学,数学与应用数学,math_stat_info,38864.73333333333,78,江苏,"Official department evidence shows a long-running math program and frontier math faculty, but no course list was available so this is a high review rather than keep.",Rank is inside 29k-50k after the alignment gate; the strict 50k+ safety audit does not apply.,Official college page states math first-level master and doctoral authorization plus postdoc station and national first-class major; department page confirms doctoral and master supervisors and frontier math directions.,,,doctoral_supervisors_and_master_supervisors;frontier_math_faculty;jiangsu_A_class_key_discipline;jiangsu_brand_major;math_esi_top_1_percent;math_postdoc_station;mathematics_first_level_doctoral;mathematics_first_level_master;mathematics_postdoc_station;multi_discipline_training_model;national_first_class_undergrad_major;soft_rank_math_77;仅专业简介;培养方案缺证;低偏离负担;数学主线干净;数学核心强;需自学 AI;需自学 CS;需自学系统
1404-014,山西大学(“双一流”建设高校),数学与应用数学,math_stat_info,39138,95,山西,"Official course system lists analysis, algebra, geometry, probability, ODE, abstract algebra, differential geometry, topology, PDE, complex, real and functional analysis.",Rank is inside 29k-50k after the alignment gate; the strict 50k+ safety audit does not apply.,Official pages state national first-class math major and a strong math platform including first-level master and doctoral authorization plus postdoc station and multiple research platforms.,,,applied_statistics_prof_master;math_esi_signal_from_official_college_intro;math_postdoc_station;mathematics_first_level_doctoral;mathematics_first_level_master;moe_key_lab_complex_systems_data_science;national_first_class_undergrad_major;national_tianyuan_math_northwest_center_shanxi_base;provincial_foundation_top_student_base;provincial_math_platforms;scientific_research_training;shanxi_foundation_top_student_base;shanxi_key_discipline;statistics_first_level_master;低偏离负担;数学主线干净;数学核心强;需自学 AI;需自学 CS;需自学系统
1404-018,山西大学(“双一流”建设高校),人工智能,ai_intelligent_science,39616,74,山西,"Official AI plan includes ML/DL, algorithms, statistics and high-level research platforms, but also engineering application, Java/open-source architecture, control and deployment load.",Rank is inside 29k-50k after the alignment gate; the strict 50k+ safety audit does not apply.,Official AI plan lists ML DL algorithms statistics and multiple AI or big-data research platforms; direct CS/AI degree-platform page was not verified from accessible sources in this pass.,,,big_data_mining_collaborative_innovation_center;computational_intelligence_and_chinese_information_processing_moe_key_lab;control_and_deployment_load;data_intelligence_cognitive_computing_key_lab;degree_platform_not_confirmed;high_level_ai_research_platforms;ml_dl_algorithms_statistics_courses;official_ai_training_plan;self_study_freedom_unclear;shanxi_university_ai_and_big_data_platform_context;AI 理论路径;ML/DL 基础;OS/体系结构/算法;博士点/博士平台;双一流;科研训练;应用/就业导向重
3238-020,南京财经大学,数学与应用数学,math_stat_info,39846,70,江苏,"The official plan has real math, modeling, data-analysis and programming aims, but explicitly includes economics/finance basics and a finance-university context, so it needs audit rather than automatic keep.",Rank is inside 29k-50k after the alignment gate; the strict 50k+ safety audit does not apply.,Official major page supports math modeling data analysis and programming training but no direct math or CS postgraduate platform or discipline-strength page was found in this pass.,,,computer_programming;data_analysis;degree_platform_not_found;finance_university_context;innovation_problem_solving;math_modeling;math_modeling_data_analysis_programming_training;official_major_plan;仅专业简介;数学+计算;数学核心强;需自学 AI;需自学系统;金融/商业负担
3523-017,华侨大学,计算机科学与技术,cs,40006,70,福建,"The downloaded official page is mostly a training-plan attachment shell with college and CS-department signals, so the row remains plausible but not locally confirmed enough to keep.",Rank is inside 29k-50k after the alignment gate; the strict 50k+ safety audit does not apply.,Official college intro states CS national first-class major and engineering accreditation plus provincial key discipline and ESI top 5 per mille; current master platforms are software engineering and electronic information with historical CS first-level master evidence.,,,big_data_intelligence_security_key_lab;computer_science_esi_top_5_permille;computer_technology_innovation_labs;computer_vision_machine_learning_key_lab;electronic_information_professional_master;engineering_education_accreditation;fujian_and_xiamen_digital_platforms;fujian_key_discipline;fujian_key_labs;historical_cs_first_level_master;national_first_class_undergrad_major;provincial_key_discipline;software_engineering_academic_master;仅专业简介;培养方案缺证;证据弱;CS 系统/理论路径;需自学 AI;博士点/博士平台;软件工程硕士平台
3113-003,上海第二工业大学,智能科学与技术,ai_intelligent_science,40395,72,上海,Local DOCX exposes a CS systems curriculum with OS architecture algorithms and compilers but also embedded/software delivery modules and the artifact text does not match the row major name.,Rank is inside 29k-50k after the alignment gate; the strict 50k+ safety audit does not apply.,Official DOCX URL was accessible and local evidence shows a CS systems curriculum signal but the artifact does not match the row major name; related SSPU list pages returned HTTP 410 so major-specific strength labels remain unverified.,,,cs_systems_curriculum_signal;major_specific_evidence_not_found;official_docx_available_but_source_mismatch;practice_project_training;shanghai_applied_undergraduate_context;software_and_embedded_system_modules;sspu_pages_410;来源错配风险;CS 系统/理论路径;OS/体系结构/算法;应用/就业导向重;软件就业训练负担
6301-017,青海大学(“双一流”建设高校),计算机科学与技术,cs,40838,84,青海,Official CS training-plan page supports a standard computing path; local text lacks extracted course detail but the major direction is in-scope and not visibly off-scope.,Rank is inside 29k-50k after the alignment gate; the strict 50k+ safety audit does not apply.,"Official招生 page says the computer college obtained a 计算机技术 professional master platform in 2014, later adjusted to electronic information with computer technology and AI fields; the official CS plan supports a standard CS route. No CS doctoral or discipline-evaluation label was found in the targeted pass.",,,electronic_information_master_computer_ai;electronic_information_professional_master_computer_ai;professional_master_platform;provincial_teaching_team;qinghai_regional_cs_first_batch_signal;CS 系统/理论路径;OS/体系结构/算法;低偏离负担;需自学 AI;211工程;升学信号;双一流
1216-028,天津工业大学(“双一流”建设高校),数学类,math_stat_info,40868,77,天津,Official math-college intro shows math applied math information-computing and statistics with doctoral/postdoc platforms,Rank is inside 29k-50k after the alignment gate; the strict 50k+ safety audit does not apply.,"Official math-college pages state that mathematics has a first-level doctoral program, math/statistics first-level master programs, a math postdoctoral station, and that math and applied math is a national first-class undergraduate major. The school article also mentions 本硕博贯通式培养 and 数学英才班/卓越算法工程师班/卓越数据分析班.",,,master_doctoral_continuum;math_doctoral_platform;math_elite_algorithm_data_classes;math_elite_class;math_master;math_modeling_competition_strength;math_phd;math_postdoc;math_postdoctoral_platform;national_first_class_undergrad_math;statistics_master;tiangong_double_first_feature_discipline_group;tianjin_key_discipline;tianjin_math_key_discipline;仅专业简介;数学主线干净;数学核心强;需自学系统;升学信号;博士点/博士平台
4521-013,桂林电子科技大学,计算机科学与技术,cs,40898,74,广西,The local artifact for this row actually describes an information-and-computing-science plan with mathematical analysis algebra probability numerical analysis and algorithms,Rank is inside 29k-50k after the alignment gate; the strict 50k+ safety audit does not apply.,"Official college/admission pages directly support the listed CS row: CS began in 1980, is a national first-class undergraduate major, national特色/综合改革试点, engineering-accredited, and the college has CS first-level doctoral/master platforms plus professional masters including computer technology and AI. The official专业介绍 also reports 2023学科评估B and Soft科 A/rank-51 evidence.",,,ESI_top1_percent;ai_master;computer_technology_master;cs_master;cs_phd;cs_phd_master_platform;cybersecurity_master;cybersecurity_phd;excellent_engineer_program;first_class_courses;guangxi_earliest_cs_undergrad;guangxi_first_class_cybersecurity_discipline;national_first_class_undergrad_cs;national_professional_comprehensive_reform;national_teaching_team;national特色专业;professional_master_platform;softke_A_or_rank51;来源错配风险;数值计算/科学计算
2242-005,延边大学(“双一流”建设高校),计算机科学与技术,cs,41960,72,吉林,Training plan supports a conventional CS route with math and computing fundamentals,Rank is inside 29k-50k after the alignment gate; the strict 50k+ safety audit does not apply.,"Official工学院 pages say the CS major has a first-level CS master authorization and engineering master authorization, with intelligent information processing, network/security and embedded-system labs. Its strongest differentiator is regional NLP/朝鲜语言文字信息处理 rather than a broad CS doctoral or evaluation label.",,,cs_first_level_master;cs_master_platform;engineering_master;intelligent_information_processing_labs;korean_language_nlp_specialization;national_level_industry_education_platforms;provincial_demonstration_center;provincial_excellent_engineer_trial;regional_nlp_specialization;regional_specialization_not_general_ai_strength;CS 系统/理论路径;需自学 AI;211工程;升学信号;双一流;应用/就业导向重;软件就业训练负担
1138-010,北京信息科技大学,应用统计学,math_stat_info,42024,78,北京,"The plan centers on probability, mathematical statistics, regression, multivariate analysis and stochastic processes with useful data/ML practice, while finance/economics applications are present but not dominant.",Rank is inside 29k-50k after the alignment gate; the strict 50k+ safety audit does not apply.,"Official应用统计学培养方案 supports probability/statistics/regression/data and ML coursework, and the school/college pages show an information-characteristic university with a related mathematics first-level master program. I did not find a major-specific statistics master/doctoral platform, national/provincial first-class applied-statistics label, or discipline-evaluation label.",,,information_characteristic_university;major_specific_hard_strength_not_found;probability_statistics_regression_ml_course_path;related_math_master_not_stats_specific;related_math_master_platform;statistics_data_ml_path;证据弱;ML/DL 基础;低偏离负担;数学+计算;数学核心强;需自学系统;金融/商业负担
5210-008,贵州大学(“双一流”建设高校),计算机科学与技术,cs,42648,82,贵州,2025培养方案列出离散数学、数据结构、组成、操作系统、数据库、网络、算法和编译原理，是较完整CS基础路径。,Rank is inside 29k-50k after the alignment gate; the strict 50k+ safety audit does not apply.,"Official贵州大学 pages state computer science and technology is a provincial key discipline, has a CS first-level master authorization, related software doctoral and CS postdoctoral history, and that CS is among the national first-class undergraduate majors being strengthened for new engineering. The listed official CS plan URL from the input supports the standard CS course route but was not index-opened by the web tool in this pass.",,,cs_key_discipline;cs_master;cs_master_and_related_doctoral_platform;cs_postdoctoral_related;engineering_student_research_competition_support;guizhou_engineering_core_support;national_first_class_undergrad_cs;provincial_key_discipline;software_doctoral_related;CS 系统/理论路径;OS/体系结构/算法;需自学 AI;211工程;博士点/博士平台;双一流;应用/就业导向重
6130-007,西安理工大学,计算机科学与技术,cs,42968,73,陕西,Training-plan page shows a CS foundation and postgraduate platform,Rank is inside 29k-50k after the alignment gate; the strict 50k+ safety audit does not apply.,"Official 2025/college pages state CS is an 陕西特色专业, 教育部卓越工程师计划专业, national first-class undergraduate major, engineering-accredited, and the college has a CS first-level doctoral program plus software/electronic-information graduate platforms. The same official page reports recent Soft科 top-30 and ESI global top-1% signals.",,,ESI_top1_percent;complete_bachelor_master_doctor_pipeline;cs_phd;cs_phd_master_platform;electronic_information_professional_master;excellent_engineer_program;national_first_class_undergrad_cs;regional_engineering_reputation;shaanxi特色专业;softke_top30;software_master;CS 系统/理论路径;需自学 AI;升学信号;工程认证;计科博士平台;应用/就业导向重;软件就业训练负担
5314-046,云南大学(“双一流”建设高校),智能科学与技术,ai_intelligent_science,43023,74,云南,"Rescued official plan shows solid intelligent-science/CS/AI content and doctoral platform, but compulsory electronics/control/robotics and application-system framing keep it in review.",Rank is inside 29k-50k after the alignment gate; the strict 50k+ safety audit does not apply.,云南大学信息学院培养方案页列出智能科学与技术本科培养方案，并在同院导航中列明计算机科学与技术博士/硕士/博士后培养平台；适合标注为有CS博士平台支撑。,,,AI_and_intelligent_system_courses;ai_training_plan;computer_science_doctoral;double_first_class;electronics_control_course_load;information_communication_doctoral;official_2025_training_plan;relevant_school_platform;school_has_cs_doctoral_and_postdoc_platform;southwest_double_first_class_regional_recognition;AI 理论路径;211工程;博士点/博士平台;双一流;科研训练;计科博士平台;计科硕士平台;应用/就业导向重;机器人/控制绑定
4362-023,湘潭大学(“双一流”建设高校),统计学,math_stat_info,43046.75,72,湖南,"Official business-school page confirms a statistics doctoral/postdoc platform and research directions including probability and mathematical statistics, but undergraduate curriculum evidence is missing and economic/financial directions are prominent.",Rank is inside 29k-50k after the alignment gate; the strict 50k+ safety audit does not apply.,湘潭大学商学院官网明确统计学为一级学科博士学位授权点，2012年获批统计学博士后科研流动站，并列有概率论与数理统计等研究方向。,,,business_school_context;double_first_class;hunan_double_first_class_regional_recognition;official_intro_lists_probability_and_mathematical_statistics_direction;statistics_discipline_platform;statistics_doctoral_admission_and_postdoc_platform;statistics_doctoral_platform;statistics_first_level_doctoral;statistics_postdoc_platform;statistics_postdoc_station;undergraduate_training_plan_missing;仅专业简介;培养方案缺证;需自学 CS;需自学系统;升学信号;博士点/博士平台;双一流;金融/商业负担
4362-039,湘潭大学(“双一流”建设高校),计算机科学与技术(韶峰班),cs,43046.75,84,湖南,"Official CS plan shows established CS platform, doctoral/master authorization and foundations such as systems, networks, databases, algorithms and ML electives; ??? label increases review value rather than risk.",Rank is inside 29k-50k after the alignment gate; the strict 50k+ safety audit does not apply.,湘潭大学计网学院培养方案写明计科专业为首批国家一流本科专业建设点，通过工程教育认证，拥有博士、硕士、专业学位授权点及智能计算与信息处理教育部重点实验室；课程含数分、离散、OS、体系结构、编译、算法、AI和机器学习。,,,computer_science_doctoral;doctoral_master_professional_degree_authorization;double_first_class;education_ministry_key_lab;hunan_double_first_class_regional_recognition;moe_key_lab;national_engineering_education_accreditation;national_featured_major;professional_degree_authorization;software_project_management_load;training_plan_has_math_analysis_discrete_math_os_arch_compiler_algorithms_ai_ml;CS 系统/理论路径;ML/DL 基础;OS/体系结构/算法;升学信号;博士点/博士平台;双一流;国家一流专业;国家一流本科专业;工程认证
4058-012,武汉工程大学,人工智能,ai_intelligent_science,44276,72,湖北,"Official AI training plan has algorithms, OS/network, databases and ML/DL foundations, but the stated design/development/maintenance employment orientation keeps it below a clean math-first keep.",Rank is inside 29k-50k after the alignment gate; the strict 50k+ safety audit does not apply.,武汉工程大学计算机学院人工智能培养方案覆盖离散数学、算法与数据结构、组成原理、网络、操作系统、数据库、机器学习、深度学习、机器视觉与综合设计；学院页有研究生/博士生培养入口，但未确认AI专业对应博士点。,,,ai_training_plan;college_page_has_doctoral_training_nav;college_research_platform;computer_science_related_master_and_doctoral_training_nav_present;cs_engineering_foundation;engineering_maintenance_orientation;major_first_class_not_confirmed;postgraduate_platform_present_at_college_level_not_major_specific;robotics_or_finance_direction_split;training_plan_has_discrete_math_data_structures_os_networks_database_ml_deep_learning_cv_ai_integrated_design;wuhan_optics_valley_regional_industry_context;AI 理论路径;ML/DL 基础;OS/体系结构/算法;应用/就业导向重
6143-002,西安邮电大学,智能科学与技术,ai_intelligent_science,45152,70,陕西,Training plan includes AI/intelligent-science foundations,Rank is inside 29k-50k after the alignment gate; the strict 50k+ safety audit does not apply.,西安邮电大学智能科学与技术培养方案以智能信息处理、智能系统与控制为主要方向，课程含操作系统、数据结构、人工智能、模式识别、机器学习、机器视觉、自然语言处理、机器人控制等；学位平台需另核学院正式学科页。,,,ai_foundation;control_information_processing特色;control_science_related_platform;degree_platform_uncertain;intelligent_science_training_plan;major_or_college_first_class_status_not_confirmed;major_specific_doctoral_platform_not_confirmed;postgraduate_platform_uncertain_from_plan_source;training_plan_has_discrete_math_os_data_structures_ai_pattern_recognition_ml_cv_nlp_robot_control;xian_post_telecom_information_industry_recognition;AI 理论路径;ML/DL 基础;需自学系统;应用/就业导向重;机器人/控制绑定
0008-027,浙江理工大学(省重点建设高校),计算机科学与技术,cs,45268,70,浙江,Original local evidence was from zjut.edu.cn and mismatched the college name; official Zhejiang Sci-Tech intro supports a CS/software/algorithm route but lacks course-plan detail.,Rank is inside 29k-50k after the alignment gate; the strict 50k+ safety audit does not apply.,本地证据文件实际来自浙江工业大学cs.zjut.edu.cn而非浙江理工大学，虽能证明一个完整计科培养方案含OS、网络、数据库、编译、算法等，但不能直接作为浙江理工大学证据；需用浙江理工官网重抓。,,,cs_systems_training_plan;degree_platform_requires_official_zstu_recheck;first_class_major_not_confirmed_in_used_source;official_training_plan_present;official_zstu_evidence_missing;postgraduate_platform_not_confirmed_in_used_source;source_file_mentions_zjut_not_zstu;training_plan_has_data_structures_os_network_database_compiler_algorithm_design_software_engineering;zhejiang_hangzhou_regional_recognition;zstu_official_identity_repaired;仅专业简介;来源错配风险;证据弱;CS 系统/理论路径;OS/体系结构/算法;省重点/省部共建;应用/就业导向重;软件就业训练负担
2122-009,东北财经大学,应用统计学,math_stat_info,45280,70,辽宁,"Applied Statistics is mathematically relevant, but the intro traces securities/futures roots and lacks a current training plan.",Rank is inside 29k-50k after the alignment gate; the strict 50k+ safety audit does not apply.,东北财经大学统计学院官网应用统计学页说明本专业2021年入选国家级一流本科专业建设点，侧重统计学基本理论、概率论与数理统计、程序开发、统计软件、大数据和金融市场数据分析；学院导航含硕士、博士、博士后培养入口。,,,college_has_master_doctor_postdoc_training_sections;dongbei_finance_economics_statistics_reputation;official_intro_emphasizes_probability_mathematical_statistics_programming_statistical_software_big_data_and_financial_market_data_analysis;statistics_bachelor_master_doctor_postdoc_nav_present;statistics_discipline_platform;statistics_finance_reputation;statistics_school_postgraduate_platform;仅专业简介;培养方案缺证;证据弱;数学核心强;需自学 AI;需自学 CS;升学信号;国家一流专业;国家一流本科专业;金融/商业负担
0004-033,浙江师范大学(省重点建设高校),计算机科学与技术,cs,45335,72,浙江,"Official DOC exists but was not locally text-readable; major name and source imply a standard CS foundation path, so keep for audit rather than drop.",Rank is inside 29k-50k after the alignment gate; the strict 50k+ safety audit does not apply.,官方学院页显示CS博士点和博士后流动站以及电子信息硕士方向;就业网页面补充CS国家级一流本科专业和研究生规模。课程表仍未直接读取。,,,postdoc_station;provincial_key_discipline;research_path_unclear;research_publication_signal;self_study_freedom_unclear;training_plan_not_text_readable;国家级一流本科专业;学院列出AI和高可信计算等研究方向并有高水平论文会议信号;本硕博培养体系;浙江省重点建设高校;电子信息硕士点含人工智能和大数据方向;省内师范类强校平台;省级重中之重学科或重点学科信号;硕士博士毕业生规模可见;计算机科学与技术一级学科博士点;计算机科学与技术博士后科研流动站;培养方案缺证;CS 系统/理论路径;OS/体系结构/算法;需自学 AI
4014-004,湖北工业大学,计算机科学与技术(拔尖创新人才实验班),cs,46033,84,湖北,"Official college intro shows a small AI innovation class with systems core, AI frontier courses, dual mentors and research training, but also industry project practice and only intro-level evidence.",Rank is inside 29k-50k after the alignment gate; the strict 50k+ safety audit does not apply.,官方系部介绍直接覆盖拔尖班目标、双导师、科研训练、系统课程和AI前沿课程;同页确认CS国家一流和工程认证。,,,dual_mentor;employment_engineering_orientation;honors_innovation_class;industry_project_practice_load;systems_ai_research_training;低年级学术启蒙到高年级科研团队;双导师;学院有硕士研究生复试录取细则和研究生培养入口;平均保研考研升学率25%以上为官方专业介绍口径;拔尖班小班化;未见CS一级博士点硬证据;湖北工科高校和武汉区域工程实践平台;湖北省品牌专业;系统核心和大模型具身智能课程;计算机科学与技术为国家级一流本科专业建设点;通过工程教育认证;仅专业简介;CS 系统/理论路径;ML/DL 基础;OS/体系结构/算法
0004-031,浙江师范大学(省重点建设高校),信息与计算科学,math_stat_info,46206,86,浙江,Information and Computing Science is a clean math-computation primary path; binary official plan prevents high evidence confidence.,Rank is inside 29k-50k after the alignment gate; the strict 50k+ safety audit does not apply.,官方数学学院页确认数学博士点、博士后和硕士点;学院材料显示信息与计算科学为国家一流本科专业建设点。原培养方案附件仍不可文本核验。,,,clean_math_computation_path;cs_systems_depth_unclear;math_doctoral_platform;math_research_institutes;postdoc_station;research_path_unclear;training_plan_not_text_readable;信息与计算科学国家一流本科专业建设点;国家111计划创新引智基地信号;多个数学研究机构;教育博士数学方向可见;数学一级学科博士点;数学一级学科硕士点;数学交叉科学研究院筹;数学博士后科研流动站;数学本硕博平台完整;数学省一流学科A类信号;浙江省重点建设高校;电子信息大数据方向专硕;省内数学师范和应用数学平台较强
4305-046,长沙理工大学,数学与应用数学(创新班),math_stat_info,47144,91,湖南,"Official innovation-class plan is strongly math-first, research-oriented, and supported by a math doctoral platform with little irrelevant load.",Rank is inside 29k-50k after the alignment gate; the strict 50k+ safety audit does not apply.,官方创新班培养方案直接写明重基础强科研、依托数学博士点和湖南国家应用数学中心、双导师与科研训练;课程结构数学主干清晰。,,,ai_systems_gap;dual_mentor;honors_innovation_class;math_first_core;可用竞赛论文置换学分;学业科研双导师;应用数学和计算数学硕士历史;数学ESI全球前1%信号;数学一级学科博士点;数学一级学科硕士点;数学与应用数学国家一流专业建设点;数学研究训练与学术论文写作;本硕博贯通培养和数学一级学科博士点建设招生信号;湖南国家应用数学中心依托平台;湖南省交通电力行业高校中的数学应用平台;鼓励参与教师科研项目;低偏离负担;数学主线干净;数学核心强;需自学 AI
5024-008,重庆理工大学,计算机科学与技术,cs,47382,72,重庆,"The official page confirms CS training-plan PDFs exist, but the readable artifact exposes attachment links rather than course tables, so it remains review despite plausible CS alignment.",Rank is inside 29k-50k after the alignment gate; the strict 50k+ safety audit does not apply.,官方招生页确认CS国家一流、特色专业和工程认证;学院简介/招生页支持硕士平台。博士授权对应关系和培养方案细节需人工核对。,,,2023年通过工程教育专业认证;cs_master_platform;research_path_unclear;standard_cs_core;training_plan_not_text_readable;国家级一流本科专业;国家级特色专业;学院有研究生培养和硕士点平台;学院简介提到学科博士和硕士授权点但具体对应关系需复核;官方训练计划链接存在但课程表未完全抽取;招生页强调复杂计算机系统能力;计算机科学与技术一级学科硕士点;重庆市一流专业;重庆市大数据智能化相关专业平台;培养方案缺证;CS 系统/理论路径;国家一流专业;工程认证
0008-005,浙江理工大学(省重点建设高校),数学类,math_stat_info,47676,78,浙江,"Official Zhejiang Sci-Tech math intro supports a strong math/information-computing category, but the original artifact mismatch and lack of full training plan cap it at review.",Rank is inside 29k-50k after the alignment gate; the strict 50k+ safety audit does not apply.,官方理学院和数学系页面支持数学类平台、数学硕士点、省一流学科和数计方向;但原输入URL指向浙江工业大学教务处而非浙江理工大学。,,,cs_systems_depth_unclear;math_computation_path;math_master_platform;national_first_class_math_major;provincial_first_class_discipline;source_mismatch_in_input;专业介绍含数值计算、算法设计、数据分析、计算机信息处理等方向;信息与计算科学浙江省一流建设专业;合作拥有统计学和软件工程一级学科硕士点;数学一级学科硕士点;数学与应用数学国家级一流本科专业;数学和软件工程相关硕士点可支撑继续深造;数学省一流学科A类;浙江理工理学院数学系区域应用数学平台;浙江省重点建设高校;仅专业简介;来源错配风险;证据弱;数学+计算;数学主线干净
6504-028,新疆大学(“双一流”建设高校),计算机科学与技术,cs,47927,70,新疆,"The official page confirms a 2024 CS plan under a strong college platform, but readable text does not expose course details, so it is a platform-backed review.",Rank is inside 29k-50k after the alignment gate; the strict 50k+ safety audit does not apply.,官方学院简介确认CS国家一流建设学科、博士点、博士后和国家一流本科专业;历史沿革确认第二轮国家一流建设学科。,,,double_first_class_discipline;postdoc_station;strong_research_platform;training_plan_not_text_readable;博士招生和硕博连读公示可见;双一流建设高校;学院有人工智能研究院和多个大数据可视化等研究室信号;本硕博平台完整;西北区域计算机学科高平台;计算机科学与技术一级学科博士点;计算机科学与技术博士后流动站;计算机科学与技术和信息与通信工程一级学科硕士点;计算机科学与技术国家一流建设学科;计算机科学与技术国家一流本科建设专业;培养方案缺证;CS 系统/理论路径;211工程;博士点/博士平台;双一流;国家一流专业
4058-019,武汉工程大学,计算机类,cs,47999,73,湖北,"The CS plan contains standard systems and algorithms foundations, but the category includes software/digital-media variants and the plan emphasizes application systems, project management and operations.",Rank is inside 29k-50k after the alignment gate; the strict 50k+ safety audit does not apply.,官方学院简介支持硕博招生、软件工程国家一流和工程认证、CS省一流;另有学院项目页称CS国家一流但需以招生口径复核。计算机类包含多个方向。,,,cs_national_first_class_claim_needs_review;engineering_accreditation_signal;master_doctor_training_presence;provincial_or_national_major_signal;software_ai_platform;学院在计算机和人工智能领域招收本科、硕士、博士研究生;学院硕博士研究生400余人;智能机器人湖北省重点实验室、光学信息与模式识别湖北省重点实验室等平台;武汉区域化工工科高校的计算机与AI应用平台;研究生培养可见;计算机科学与技术入选湖北省一流专业且另有官方项目页称国家一流;软件工程一级学科硕士点;软件工程和智能科学与技术为国家一流专业;软件工程通过工程教育认证;CS 系统/理论路径;OS/体系结构/算法;大类/方向风险;应用/就业导向重;软件就业训练负担
0007-023,浙江工商大学(省重点建设高校),数学与应用数学,math_stat_info,48255,85,浙江,数学与应用数学课程含数学分析、高代、常微分、概率、解析几何、运筹、建模和计算方法，是清洁数学主路径并有计算科学平台。,Rank is inside 29k-50k after the alignment gate; the strict 50k+ safety audit does not apply.,官方学院页支持统计学博士后博士点和完整培养体系;数学与应用数学本身是清洁数学路径但硬平台主要来自统计与计算科学而非数学一级博士点。,,,complete_postgraduate_platform;cs_systems_gap;degree_platform_adjacent_not_exact_math;math_applied_computing_path;provincial_key_math_signal;statistics_doctoral_platform;专业页显示数学分析、高代、概率、运筹、建模和计算方法等清洁数学计算课程;学院具备本硕博到博士后完整培养体系;杭州数据统计平台强;每年招收硕博研究生;浙江省重点建设高校;统计学一级学科博士点;统计学一级学科硕士点;统计学博士后流动站;统计学学科第四轮评估全国前10%口径;统计学浙江省登峰学科;计算数学浙江省重点学科;计算科学等二级学科硕士点;数值计算/科学计算;数学主线干净
3227-009,江苏科技大学,计算机科学与技术,cs,48263,70,江苏,"The official page title confirms a CS training plan, but the readable artifact has no course table, so a normal CS systems fit is plausible but unverified.",Rank is inside 29k-50k after the alignment gate; the strict 50k+ safety audit does not apply.,官方学院简介和专业介绍确认国家一流、工程认证、CS/软件/人工智能硕士平台和ESI前1%;但输入培养方案页未直接抽取课程表。,,,2023年通过工程教育专业认证;cs_master_platform;esi_cs_signal;industry_software_college;research_path_unclear;ship_industry_application_bias;training_plan_not_text_readable;在校研究生440余人;机器学习与人工智能、嵌入式系统、智慧海洋与船舶信息处理等研究方向;江苏船舶工业软件和镇江区域工程应用平台;硕士点方向可见;硕导39人;自主增设人工智能一级学科硕士点;计算机科学ESI前1%;计算机科学与技术和软件工程一级学科硕士点;计算机科学与技术国家一流专业;培养方案缺证;CS 系统/理论路径;国家一流专业;工程认证
5107-009,成都信息工程大学,计算机科学与技术,cs,49220,78,四川,官方专业页有课程体系和最低学分，CS基础可用，但培养目标偏应用型软硬件研发、测试维护和产品相关岗位。,Rank is inside 29k-50k after the alignment gate; the strict 50k+ safety audit does not apply.,Official pages state CS is national first-class plus national feature major plus excellent-engineer plus engineering-accredited; the college has CS first-level master and computer technology or AI professional master fields; CS discipline is C+ and Sichuan first-batch key discipline.,,,ai_graphics_smart_meteorology_hpc_research_directions;ai_prof_master;computer_technology_prof_master;cs_first_level_master;engineering_education_accreditation;excellent_engineer_program;graduate_supervisor_pool;meteorological_it_training_base;national_feature_major;national_first_class_undergrad_major;provincial_collaborative_innovation_and_ai_spatial_info_platforms;receives_recommended_postgraduate_students;sichuan_first_batch_key_discipline;sichuan_provincial_university_cs_leader;CS 系统/理论路径;OS/体系结构/算法;学科评估 C+;应用/就业导向重;软件就业训练负担
6143-012,西安邮电大学,信息与计算科学,math_stat_info,49525,88,陕西,Full plan is a clean math-first information-and-computing path with analysis,Rank is inside 29k-50k after the alignment gate; the strict 50k+ safety audit does not apply.,Official admissions page states the major is a Shaanxi provincial first-class undergraduate major; current school page lists physics and system science first-level master platforms and the 2026推免 notice lists 理学院 physics and system science; institute page supports computation/math research but direct math or CS degree-platform evidence was not found.,,,direct_math_or_cs_master_platform_not_found;information_and_computing_science_institute;information_technology_school_context;math_modeling_and_scientific_computing_training;math_modeling_competition_strength;older_smart_computing_decision_master_claim_uncertain_current_status;physics_and_system_science_tuimian_receive_platform_indirect;postgraduate_platform_indirect;provincial_first_class_undergrad_major;scientific_research_training_course;system_science_master_platform_indirect;低偏离负担;数值计算/科学计算;数学+计算;数学主线干净;数学核心强;需自学 AI;需自学系统
0004-036,浙江师范大学(省重点建设高校),智能科学与技术,ai_intelligent_science,50565,70,浙江,Intelligent Science likely includes CS/AI foundations but the unreadable DOC and application-engineering risk keep it in review.,Retain as a monitored AI/CS-path exception; do not cut for the former unreadable-DOC gap.,"Official college pages confirm CS/software provincial A-class discipline platform and the smart-science major; public course description shows AI, pattern recognition, NLP, data mining and computer-core linkage, though full official plan remains hard to read.",,,cs_ai_platform;missing readable plan;no hard major-platform exception;ordinary intelligent-science evidence;provincial key university only;provincial_key;self_study_freedom_unclear;培养方案缺证;CS 系统/理论路径;ML/DL 基础;升学信号;省重点/省部共建;应用/就业导向重
4305-008,长沙理工大学,数学与应用数学,math_stat_info,50640,72,湖南,"The major is likely a clean math path, but local evidence is only a plan index rather than the detailed normal-class curriculum, so it needs review.","Main-agent override: official college profile shows a complete bachelor-master-doctor math platform, first-level mathematics doctoral authorization, ESI math signal, national first-class mathematics major, and the major is a clean math-first path.","Clean math name helps, but evidence is only an index and platform upside is not high enough for strict 50k+ retention.",,,clean math major plausible but detailed curriculum absent;ordinary local math platform;plan index only;培养方案缺证;证据弱;低偏离负担;数学主线干净;需自学 AI;需自学 CS;需自学系统
2313-006,哈尔滨理工大学,计算机科学与技术,cs,50705,74,黑龙江,官方招生介绍显示国家一流、工程认证、一级博士点和博士后流动站，但2+1+1校企联合实践使工程就业导向偏强且课程表不足。,Retain as a platform-backed CS exception with application-load caveat.,"Official招生 page confirms national first-class/professional certification, CS first-level doctoral and postdoctoral platform, and CS foundations; 2+1+1 enterprise practice is a risk but not enough to override the platform.",,,CS doctoral/postdoctoral signal;CS intro with 2+1+1 enterprise-practice and software-employment load;national_first_class;systems_core;仅专业简介;CS 系统/理论路径;OS/体系结构/算法;升学信号;博士点/博士平台;学科评估 B;工程认证;计科博士平台;应用/就业导向重;软件就业训练负担
6120-003,西安工业大学,计算机科学与技术,cs,51641,71,陕西,"Official college overview shows a CS college with CS/software master programs, engineering certification and research activity, but no CS curriculum list was available locally.",Retain as a CS-platform exception; flag course-plan detail for later preference ranking.,"Official college overview confirms CS/software graduate-program and engineering-certification/platform signals; web search did not expose a clean undergraduate course table, but the gap is not a cut reason.",,,CS major aligned in name only at this evidence level;college overview and graduate-program signal;cs_platform;engineering_certification_signal;graduate_program_signal;no confirmed curriculum;self_study_freedom_unclear;仅专业简介;培养方案缺证;CS 系统/理论路径;博士点/博士平台;科研训练
4433-004,汕头大学,数学与应用数学,math_stat_info,51997,92,广东,"Official plan lists analysis, algebra, probability, statistics, numerical analysis, topology, functional analysis and optimization with master/doctoral continuation signals.",Strong clean mathematics curriculum with doctoral/postgraduate pathway and low off-scope compulsory load.,Strong clean mathematics curriculum with doctoral/postgraduate pathway and low off-scope compulsory load.,,,algebra;high-confidence clean math plan with analysis;math doctoral continuation signal and provincial key discipline context;optimization;probability;topology;低偏离负担;数学+计算;数学主线干净;数学核心强;需自学 AI;需自学系统;升学信号;博士点/博士平台
1247-004,中国民航大学,信息与计算科学,math_stat_info,52419,84,天津,"Information and computing science page emphasizes solid math foundations, information/computing theory, algorithms and early research-project participation, with civil-aviation framing only a secondary context.","Usable math-computation safety: medium evidence, clean major fit, low off-scope load, and aviation context is not a lock-in.","Usable math-computation safety: medium evidence, clean major fit, low off-scope load, and aviation context is not a lock-in.",,,industry framing secondary;information and computing science with math/computing/algorithm emphasis;research-project participation signal;仅专业简介;低偏离负担;数值计算/科学计算;数学+计算;需自学 AI;需自学系统;科研训练;行业方向偏离
0016-022,浙江财经大学(省重点建设高校),计算机科学与技术,cs,52863,72,浙江,"Official index lists the CS training-plan PDF, but the attachment endpoint returned a captcha page; course-level systems/theory fit cannot be confirmed.",Retain as CS-core exception; monitor applied/business electives but do not cut.,"Official major page resolves the blocked-plan gap: data structures, algorithm design, discrete math, computer organization, OS, networks, databases, CV/NLP and Linux are listed; finance-school context remains only a caveat.",,,CS plan blocked by captcha;algorithms_os_networks;cs_core;finance university context;finance/business load risk;no hard CS exception;provincial_key_context;self_study_freedom_unclear;培养方案缺证;证据弱;CS 系统/理论路径;省重点/省部共建;金融/商业负担
6517-003,中国石油大学(北京)克拉玛依校区(“双一流”建设高校),人工智能,ai_intelligent_science,53677.5,82,新疆,"Rescued plan lists data structures, computer organization, OS, networks, ML, reinforcement learning, deep learning, optimization, vision and NLP with limited off-scope load.",Strong course-level AI/CS foundation and low off-scope load make this a valid safety exception.,Strong course-level AI/CS foundation and low off-scope load make this a valid safety exception.,,,AI plan includes systems;CV;ML;NLP with low off-scope load;algorithms;double first-class system signal with high-confidence rescued plan;optimization;self_study_math_depth_gap;AI 理论路径;ML/DL 基础;OS/体系结构/算法;低偏离负担;211工程;双一流
0013-012,中国计量大学(省市共建重点高校),计算机科学与技术,cs,54049,72,浙江,"Official index links a CS training plan, but the detail rescue was blocked; CS major name is aligned but course evidence is too thin for keep.",Retain as a clear CS-core exception.,"Official training-plan/招生 pages list algorithms and data structures, computer organization, OS, networks, databases, software engineering and AI intro; admissions page identifies CS as provincial first-class/key major.",,,CS name aligned but source mismatch and curriculum unavailable;cs_core;detail page blocked;provincial key/university signal only;provincial_first_class;provincial_key_major;research_path_unclear;培养方案缺证;来源错配风险;证据弱;CS 系统/理论路径;需自学 AI;省重点/省部共建
2323-018,黑龙江大学,计算机科学与技术,cs,54284,82,黑龙江,"Official intro lists discrete math, digital logic, computer organization, networks, data structures, OS, compilers and databases, giving a strong CS systems/theory path with manageable software-practice load.",Unusually strong CS platform and specific systems curriculum justify retention despite software-practice wording.,Unusually strong CS platform and specific systems curriculum justify retention despite software-practice wording.,,,ESI/top provincial lab/graduate platform signal;compilers;data structures;long CS history;networks;specific CS systems/theory course list including OS;CS 系统/理论路径;OS/体系结构/算法;博士点/博士平台;科研训练;软件就业训练负担
0018-001,浙大城市学院,计算机科学与技术(拔尖创新班),cs,54507,84,浙江,"Official page names algorithms, computer systems, OS, networks, ML/deep learning and an honors innovation class with mentor/research training, enough for keep despite engineering-practice wording.",Innovation-class structure and mentor/research signal make this a defensible local strong exception.,Innovation-class structure and mentor/research signal make this a defensible local strong exception.,,,CS systems plus ML/DL foundation;evidence is intro-level;honors/innovation class with mentor and research-training signal;仅专业简介;CS 系统/理论路径;ML/DL 基础;OS/体系结构/算法;拔尖/创新班;科研训练;应用/就业导向重
2304-007,东北农业大学(“双一流”建设高校),计算机科学与技术,cs,54612,79,黑龙江,本部计科硬计划覆盖数据结构、组成、网络、操作系统和算法，工程开发管理导向中等但仍是可用CS基础路径。,High-confidence CS foundation plan and double-first-class platform keep it above the low-value safety threshold.,High-confidence CS foundation plan and double-first-class platform keep it above the low-value safety threshold.,,,OS and algorithms;architecture;double first-class university with high-confidence local plan;hard CS plan covers data structures;networks;CS 系统/理论路径;OS/体系结构/算法;需自学 AI;211工程;双一流;应用/就业导向重
1404-015,山西大学(“双一流”建设高校),信息与计算科学,math_stat_info,54792,91,山西,"Official course system frames information and computing science around analysis, algebra, probability, real/functional analysis, PDE, modeling, numerical analysis and algorithms.","Strong clean math-computation path with high-confidence evidence, postgraduate/research value, and low off-scope load.","Strong clean math-computation path with high-confidence evidence, postgraduate/research value, and low off-scope load.",,,PDE;algebra;algorithms;double first-class university and national first-class math/info-computing signal;information and computing science with analysis;numerical analysis;低偏离负担;数值计算/科学计算;数学+计算;数学核心强;需自学 AI;需自学系统;升学信号;双一流;科研训练
4067-013,武汉科技大学,信息与计算科学,math_stat_info,55424,86,湖北,"The local official intro lists math analysis, algebra, numerical methods, probability, differential equations, data structures, databases and algorithms, matching a clean information-computing path.",Clean information-computing path with high-confidence local evidence and low off-scope load.,Clean information-computing path with high-confidence local evidence and low off-scope load.,,,algebra;algorithms and databases;math analysis;numerical methods;probability;solid university platform with official school evidence;低偏离负担;数值计算/科学计算;数学+计算;数学核心强;需自学 AI
5107-010,成都信息工程大学,数学与应用数学,math_stat_info,55984.78571,74,四川,官方培养方案页面存在但本地文本只保留页面壳，专业名称和学院路径支持数学主线，细课程证据不足以高分keep。,"User accepted after pruning manual review pool. Math-first fit is plausible, but the retained evidence is too thin for a strong exception without manual course-plan check.","Math-first fit is plausible, but the retained evidence is too thin for a strong exception without manual course-plan check.",,,clean math major signal;local page shell lacks course grid;math school path plausible but course evidence incomplete;培养方案缺证;低偏离负担;数学主线干净;数学核心强;需自学 AI;需自学 CS
5107-011,成都信息工程大学,信息与计算科学,math_stat_info,55984.78571,76,四川,官方培养方案页面存在但本地文本只保留页面壳，专业方向天然贴近数学加计算，课程细节不足需保守review。,"User accepted after pruning manual review pool. Could be a useful clean safety, but embedded PDF or attachment curriculum needs checking before retain.","Could be a useful clean safety, but embedded PDF or attachment curriculum needs checking before retain.",,,information/mathematics school fit plausible but course evidence incomplete;local page shell lacks course grid;major name supports math plus computation;培养方案缺证;低偏离负担;数值计算/科学计算;数学+计算;需自学 AI
1418-023,中北大学,计算机科学与技术,cs,56043,70,山西,"Official index lists a CS training-plan entry under the CS college, but direct official page rescue failed, leaving curriculum details unavailable.",Retain as a strong platform/course-plan exception despite the lower alignment score.,"Official教务 page and PDF expose the 2023 CS plan; college page confirms national first-class major, engineering certification, CS master platform and multiple computing/AI labs.",,,CS plan entry only;cs_master_platform;engineering_certification;full_training_plan;national_first_class;no hard platform exception in available evidence;rescue failed;research_path_unclear;self_study_freedom_unclear;培养方案缺证;证据弱;CS 系统/理论路径
4521-014,桂林电子科技大学,信息与计算科学,math_stat_info,56268,86,广西,Official plan is a clean information-and-computing-science curriculum centered on math analysis algebra probability numerical analysis scientific computing modeling and algorithms with low off-scope load.,High-confidence official plan shows a clean math-computation curriculum with low off-scope load.,High-confidence official plan shows a clean math-computation curriculum with low off-scope load.,,,algebra;algorithms;electronics/information university plus postgraduate signal;math analysis;modeling;numerical analysis;probability;scientific computing;低偏离负担;数值计算/科学计算;数学+计算;数学核心强;需自学 AI;需自学系统;升学信号
0013-023,中国计量大学(省市共建重点高校),数学与应用数学,math_stat_info,56270,85,浙江,"Official program page identifies mathematics and applied mathematics as a first-class math major, a clean math-first route despite limited plan detail.",Clean math-first route with official first-class major evidence; limited course grid detail is offset by major fit and platform signal.,Clean math-first route with official first-class major evidence; limited course grid detail is offset by major fit and platform signal.,,,clean mathematics and applied mathematics path;official first-class math major signal;provincial key/co-built university;仅专业简介;培养方案缺证;低偏离负担;数学主线干净;数学核心强;需自学 AI;需自学 CS;省重点/省部共建
4058-015,武汉工程大学,信息与计算科学,math_stat_info,57157,86,湖北,"Information and computing science is a clean math/computation path with math modeling, algorithms, scientific computing, statistics and little forced off-scope load.",Clean math-computation safety with strong alignment and no visible severe domain lock-in.,Clean math-computation safety with strong alignment and no visible severe domain lock-in.,,,algorithms;engineering university with sufficient official major evidence;low off-scope load;math modeling;scientific computing;statistics;仅专业简介;低偏离负担;数值计算/科学计算;数学+计算;数学主线干净;数学核心强;需自学 AI;需自学系统
4330-015,湖南科技大学,计算机科学与技术,cs,58326,80,湖南,"Official intro lists architecture, OS, data structures, compilers, networks and databases with limited off-scope load, though evidence is only a major intro.",Retain as a clean high-alignment CS exception.,"Official source supports standard CS foundations with limited off-scope load, and the row has one of the higher alignment scores in the cut-gap set.",,,but evidence is only a major intro;cs_core;high_alignment;no hard platform exception in evidence;systems courses listed;仅专业简介;CS 系统/理论路径;OS/体系结构/算法;低偏离负担;需自学 AI
3607-033,江西财经大学,信息与计算科学,math_stat_info,58570,86,江西,信计课程含数学分析、高代、实变泛函、数值计算、数据结构和数据库，财经/金融特色是轻度方向风险但不破坏数学主线。,Retain as a math-first strong exception; note secondary-source use for course detail.,"School page plus secondary course listing support math analysis, higher algebra, probability/statistics and numerical analysis; finance-school context exists but the major itself remains math/computation-forward.",,,finance/economics university;finance_school_context_only;highest_alignment;math-computation courses present;math_primary;numeric_computing;postgraduate signal noted;with finance/economics direction risk;仅专业简介;数值计算/科学计算;数学+计算;数学核心强;需自学 AI;升学信号
6504-013,新疆大学(“双一流”建设高校),数学与应用数学,math_stat_info,58939,91,新疆,"Official plan shows a clean deep math core including analysis, algebra, topology, real/functional analysis, geometry, PDE and graph theory with low compulsory off-scope load.","This matches the standard example: strong platform, clean mathematics curriculum, high confidence, low off-scope load.","This matches the standard example: strong platform, clean mathematics curriculum, high confidence, low off-scope load.",,,PDE and graph theory;algebra;deep clean math core including analysis;double first-class and doctoral platform;real/functional analysis;topology;低偏离负担;数学主线干净;数学核心强;需自学 AI;需自学 CS;211工程;博士点/博士平台;双一流
3410-013,安徽工业大学,计算机科学与技术,cs,59285,70,安徽,"Official local artifact is a plan index rather than the actual CS plan, but the listed CS training-plan entry makes the row plausibly reviewable, not a hard drop.",Retain as a strong CS-platform/course-plan exception.,"Official 2023 plan lists discrete math, data structures, computer organization, OS, networks, compiler, Linux kernel analysis and Python; college page confirms national first-class and engineering certification.",,,actual CS plan missing;full_training_plan;national_first_class;no hard platform exception in evidence;plan index only;systems_core;培养方案缺证;证据弱;CS 系统/理论路径;需自学 AI;工程认证
6517-010,中国石油大学(北京)克拉玛依校区(“双一流”建设高校),数学与应用数学,math_stat_info,59352,92,新疆,"Rescued plan is a clean mathematics path with analysis, algebra, geometry, ODE, probability/statistics, real/functional analysis, numerical analysis, PDE and modeling.",High-alignment clean math plan with strong platform and low off-scope load is a true deep-safety exception.,High-alignment clean math plan with strong platform and low off-scope load is a true deep-safety exception.,,,ODE;PDE and modeling;algebra;analysis;double first-class university system with rescued official plan;geometry;numerical analysis;probability/statistics;real/functional analysis;低偏离负担;数值计算/科学计算;数学主线干净;数学核心强;需自学 AI;需自学 CS;需自学系统;211工程;双一流;科研训练
5131-038,四川师范大学,计算机科学与技术,cs,59528,81,四川,"CS intro lists discrete math, probability/statistics, data structures, organization, OS, algorithms, compilers, AI basics and ML, with clear postgraduate signals.",Retain as a high-alignment CS exception.,Official page supports CS systems foundations and AI/ML extension signal; high alignment makes this stronger than generic application-heavy CS rows.,,,AI basics and ML appear in intro only;but not an exceptional CS platform for this layer;cs_systems_core;high_alignment;ml_signal;postgraduate signal;systems;仅专业简介;CS 系统/理论路径;ML/DL 基础;OS/体系结构/算法;升学信号
2147-001,沈阳航空航天大学,计算机科学与技术,cs,59651,73,辽宁,"Official intro emphasizes CS theory plus soft/hardware systems, but application/operation and aerospace-industry orientation keep it in review.",Retain with aviation-application caveat; platform is strong enough not to cut.,"Official pages confirm the CS major is national first-class, engineering-certified and supported by a CS first-level master's discipline; aviation/aerospace service framing is real but not a hard domain lock-in.",,,CS theory plus soft/hardware systems;aerospace-oriented university;application/aerospace orientation;aviation_application_caveat;cs_master_platform;national_first_class;no hard CS exception;仅专业简介;CS 系统/理论路径;需自学 AI;升学信号;工程认证;应用/就业导向重
4067-008,武汉科技大学,计算机科学与技术(拔尖创新人才试验班),cs,60052.09090909091,82,湖北,"The trial-class policy emphasizes individualized plans, research learning, innovation projects and flexible course design, making the CS special class a good high-freedom review-to-keep candidate despite missing a course table.","Unlike ordinary CS rows, the honors class has a clear research/flexibility signal that makes it a plausible strong safety exception.","Unlike ordinary CS rows, the honors class has a clear research/flexibility signal that makes it a plausible strong safety exception.",,,CS path with individualized plans;honors/innovation class with research-training and flexible-plan signal;research learning and innovation projects;证据弱;CS 系统/理论路径;低偏离负担;拔尖/创新班;科研训练
3720-028,青岛理工大学,数学与应用数学,math_stat_info,60943,84,山东,可读培养方案显示数学分析、高代、解析几何、概率、复变、抽象代数、数值分析等清洁数学主线，少量应用/软件选修不构成主导负荷。,Retain as a clean mathematics path with high-confidence local curriculum and low off-scope load,Retain as a clean mathematics path with high-confidence local curriculum and low off-scope load,,,clean math core;local engineering university with usable science-school plan;低偏离负担;数学主线干净;数学核心强;需自学 AI;需自学系统
3748-020,山东师范大学,人工智能,ai_intelligent_science,61807,82,山东,"Full AI training plan shows math, CS foundations, OS/data structures, and ML/DL-oriented core with limited off-scope domain lock-in.",User accepted after pruning manual review pool. Cleaner than ordinary AI rows but still an AI safety above 50k without a clear hard platform exception; user judgment needed,Cleaner than ordinary AI rows but still an AI safety above 50k without a clear hard platform exception; user judgment needed,,,AI/CS foundations with low visible domain lock-in;regional normal university with complete AI plan;AI 理论路径;ML/DL 基础;OS/体系结构/算法;低偏离负担;科研训练
6504-015,新疆大学(“双一流”建设高校),信息与计算科学,math_stat_info,62068,93,新疆,"Official plan is an excellent math-computation path with analysis, algebra, numerical analysis, PDE numerical methods and algorithm/programming ability, without heavy domain packaging.",Retain as a high-confidence math-computation path with double-first-class/doctoral signal and low off-scope load,Retain as a high-confidence math-computation path with double-first-class/doctoral signal and low off-scope load,,,double first-class and doctoral-platform signal;excellent math-computation core;低偏离负担;数值计算/科学计算;数学+计算;数学核心强;需自学 AI;211工程;博士点/博士平台;双一流
5131-017,四川师范大学,统计学,math_stat_info,64157,84,四川,"Statistics is a math-forward path with stochastic process, mathematical statistics, regression and time series; finance/economic destinations are a mild fit risk.",Retain as a math/stat strong exception; monitor finance/econ orientation only as a ranking caveat.,"Official school page and secondary course listing support a statistics path with stochastic process, mathematical statistics, regression and time series; finance/economic destinations are present but secondary to the math-stat core.",,,finance_econ_destination_caveat;high_alignment;math doctoral-platform signal;math_primary;statistics core but finance/econ/management integration;statistics_core;仅专业简介;数学主线干净;数学核心强;需自学系统;升学信号;金融/商业负担
6504-014,新疆大学(“双一流”建设高校),统计学,math_stat_info,65800.33333333333,88,新疆,"Official statistics plan has strong math/statistical foundations including analysis, algebra, probability, stochastic processes, optimization, regression and multivariate statistics with broad but not locked domain applications.",Retain as a high-confidence statistics path with strong math foundations and hard platform signal,Retain as a high-confidence statistics path with strong math foundations and hard platform signal,,,double first-class and doctoral-platform signal;strong math/stat core;低偏离负担;数值计算/科学计算;数学主线干净;数学核心强;需自学系统;211工程;博士点/博士平台;双一流
0024-001,温州大学(省市共建重点高校),数学与应用数学(步青科学实验班),math_stat_info,65908,88,浙江,Buqing math experimental class is a clean basic-discipline top-talent path with research/innovation training and little off-scope load.,Retain as a clean honors mathematics path with research-training signal and little off-scope load,Retain as a clean honors mathematics path with research-training signal and little off-scope load,,,clean mathematics and research training;provincial-city key university plus honors/basic-discipline class;低偏离负担;数学主线干净;数学核心强;需自学 AI;需自学 CS;需自学系统;拔尖/创新班;省重点/省部共建;科研训练
0024-037,温州大学(省市共建重点高校),信息与计算科学,math_stat_info,67582,80,浙江,"Information and computing science has math analysis/linear algebra/numerical methods plus data structures and databases, with some software-development load but still a good math-computation path.",Retain as a math-computation safety; software-development load is a risk but the major remains mostly within the desired path,Retain as a math-computation safety; software-development load is a risk but the major remains mostly within the desired path,,,math-computation core with some software load;provincial-city key university and brand-major signal;低偏离负担;数值计算/科学计算;数学+计算;需自学 AI;需自学系统;省重点/省部共建;软件就业训练负担
3714-007,青岛大学,数学与应用数学,math_stat_info,69535,90,山东,官方培养方案显示扎实数学基础、科学研究训练和数学分析/高等代数/近世代数/实变函数/数值方法等核心，路径干净,High-confidence official plan shows a clean math-first path with low off-scope load and strong core sequence,High-confidence official plan shows a clean math-first path with low off-scope load and strong core sequence,,,clean mathematics core with research training;solid provincial comprehensive university math platform;低偏离负担;数学主线干净;数学核心强;需自学 AI;需自学 CS;需自学系统;科研训练
5107-014,成都信息工程大学,统计学,math_stat_info,70152,78,四川,官方培养方案页列出统计学计划附件，统计学本身贴近概率统计和AI基础，但本地文本没有展开完整课程表。,User accepted after pruning manual review pool. Statistics could be a valid math-stat safety but the missing attachment is material enough to require manual course-table review,Statistics could be a valid math-stat safety but the missing attachment is material enough to require manual course-table review,,,likely clean statistics path but computing/math depth needs attachment check;statistics-friendly school context but no verified full plan in local evidence;培养方案缺证;低偏离负担;数学主线干净;数学核心强;需自学 CS;需自学系统
4330-030,湖南科技大学,信息与计算科学,math_stat_info,70667,93,湖南,"Official training plan is a clean math plus computation path with analysis, algebra, probability, numerical analysis, optimization, data structures, OS and algorithms.",Official plan is a high-confidence clean math-computation path with low off-scope load,Official plan is a high-confidence clean math-computation path with low off-scope load,,,math plus computation with numerical methods algorithms OS and optimization;strong clean info-computing evidence for this rank band;OS/体系结构/算法;低偏离负担;数值计算/科学计算;数学+计算;数学主线干净;数学核心强;需自学 AI
6128-005,西安科技大学,人工智能,ai_intelligent_science,71956.5,72,陕西,"Official major intro supports an AI path, but no course table was available, so it remains a theory-fit review rather than keep.",User accepted after pruning manual review pool. Manual review after search: do not cut solely for missing current plan.,"Search found the official intro and older computer-college curriculum signals with ML/AI electives, but not a clean current official undergraduate AI course plan; no hard mismatch was proven.",,,AI theory signal exists only in weak intro-level evidence;ai_intro_signal;no hard platform signal in available evidence;仅专业简介;培养方案缺证;证据弱;AI 理论路径;需自学系统
2210-023,长春理工大学,智能科学与技术,ai_intelligent_science,73123,78,吉林,"Official CUST plan has optimization, algorithms, ML, vision, numerical methods, computer organization and OS, with only moderate intelligent-product/application load.",Retain as a rescued strong exception after source-mismatch resolution.,"Search resolved the prior source mismatch with CUST official plan/PDF and discipline page: smart science is computer-category, has ML/numerical/OS-type content and an AI doctoral/interdisciplinary platform; robotics/product applications remain a caveat.",,,ML/OS/numerical-methods content exists but robotics/product/application load remains material;ai_doctoral_platform;applied intelligent-science platform with source-mismatch caveat;full_training_plan;ml_os_numerical_methods;robotics_product_application_caveat;source_mismatch_resolved;来源错配风险;AI 理论路径;CS 系统/理论路径;ML/DL 基础;OS/体系结构/算法;科研训练;应用/就业导向重;机器人/控制绑定
3649-019,南昌航空大学,数学与应用数学,math_stat_info,74991,80,江西,官方介绍显示数学一级硕士点、强基础并以人工智能/大数据为导向，但也提到金融应用方向，作为数学主线可保留,User accepted after pruning manual review pool. Math path may be useful but finance-direction risk and lack of full plan prevent automatic retain,Math path may be useful but finance-direction risk and lack of full plan prevent automatic retain,,,math and numerical/AI-big-data direction exist with visible finance application tag;math master-platform signal but only intro evidence;仅专业简介;数值计算/科学计算;数学+计算;数学核心强;升学信号;金融/商业负担
0019-022,浙大宁波理工学院,信息与计算科学,math_stat_info,93406,90,浙江,"The official plan is a clean math-computation path with analysis, algebra, probability/statistics, ODE, advanced statistics, operations research, modeling, numerical analysis, data mining and algorithms.","User accepted after pruning manual review pool. Main-agent 75k+ audit: curriculum is clean and local-Zhejiang value is real, but the math/info-computing platform signal is not strong enough to auto-fill a scarce >75k slot.",Despite rank distance this selected deep safety has high-confidence clean math-computing fit,,,clean math-computation-statistics path with algorithms and numerical analysis;deep-safety exception with strong local official plan evidence;低偏离负担;数值计算/科学计算;数学+计算;数学核心强;需自学系统
4212-013,河南理工大学,数学与应用数学,math_stat_info,112414.1,92,河南,"Local official page lists a deep pure/applied math core including analysis, algebra, geometry, ODE/PDE, probability, real/complex analysis, functional analysis, topology and research-oriented training.",Main-agent 75k+ audit: clean mathematics curriculum plus hard math platform signals make this a valid low-friction deep-safety exception.,Despite very large rank distance official evidence shows a clean low-friction math-first fallback,,,deep-safety exception with unusually clean math-core evidence;pure/applied math core plus research-oriented training;低偏离负担;数学主线干净;数学核心强;需自学 AI;需自学 CS;需自学系统;科研训练
